RecoveryRate,Method
25.671641791044774,CurrentProtocol
21.62162162162162,LogrRe
37.07865168539326,LogrRa
22.916666666666664,SvmRe
38.83495145631068,SvmRa
29.629629629629626,RfRe
43.689320388349515,RfRa
43.80952380952381,CTR
